order_id,order_timestamp,bag_ready_timestamp,merchant_for_timestamp,true_kpt_minutes,iot_kpt_minutes,merchant_kpt_minutes,is_contaminated,mqtt_payload
ORD_00000,2024-06-01 10:02:00,2024-06-01 10:28:18,2024-06-01 10:26:05,26.3,26.3,24.1,1,"{""event_type"": ""BAG_READY"", ""sensor_id"": ""SENSOR_REST_001"", ""restaurant_id"": ""REST_001"", ""order_id"": ""ORD_00000"", ""timestamp"": ""2024-06-01 10:28:18"", ""iot_kpt_minutes"": 26.3, ""confidence"": 0.93}"
ORD_00001,2024-06-01 10:05:00,2024-06-01 10:30:18,2024-06-01 10:24:45,25.3,25.3,19.8,1,"{""event_type"": ""BAG_READY"", ""sensor_id"": ""SENSOR_REST_001"", ""restaurant_id"": ""REST_001"", ""order_id"": ""ORD_00001"", ""timestamp"": ""2024-06-01 10:30:18"", ""iot_kpt_minutes"": 25.3, ""confidence"": 0.92}"
ORD_00002,2024-06-01 10:06:00,2024-06-01 10:27:12,2024-06-01 10:29:12,21.2,21.2,23.2,0,"{""event_type"": ""BAG_READY"", ""sensor_id"": ""SENSOR_REST_001"", ""restaurant_id"": ""REST_001"", ""order_id"": ""ORD_00002"", ""timestamp"": ""2024-06-01 10:27:12"", ""iot_kpt_minutes"": 21.2, ""confidence"": 0.94}"
ORD_00003,2024-06-01 10:11:00,2024-06-01 10:36:48,2024-06-01 10:35:48,25.8,25.8,24.8,0,"{""event_type"": ""BAG_READY"", ""sensor_id"": ""SENSOR_REST_001"", ""restaurant_id"": ""REST_001"", ""order_id"": ""ORD_00003"", ""timestamp"": ""2024-06-01 10:36:48"", ""iot_kpt_minutes"": 25.8, ""confidence"": 0.97}"
ORD_00004,2024-06-01 10:12:00,2024-06-01 10:30:30,2024-06-01 10:28:18,18.5,18.5,16.3,1,"{""event_type"": ""BAG_READY"", ""sensor_id"": ""SENSOR_REST_001"", ""restaurant_id"": ""REST_001"", ""order_id"": ""ORD_00004"", ""timestamp"": ""2024-06-01 10:30:30"", ""iot_kpt_minutes"": 18.5, ""confidence"": 0.94}"
ORD_00005,2024-06-01 10:15:00,2024-06-01 10:30:42,2024-06-01 10:26:36,15.7,15.7,11.6,1,"{""event_type"": ""BAG_READY"", ""sensor_id"": ""SENSOR_REST_001"", ""restaurant_id"": ""REST_001"", ""order_id"": ""ORD_00005"", ""timestamp"": ""2024-06-01 10:30:42"", ""iot_kpt_minutes"": 15.7, ""confidence"": 0.94}"
ORD_00006,2024-06-01 10:19:00,2024-06-01 10:41:48,2024-06-01 10:36:47,22.8,22.8,17.8,1,"{""event_type"": ""BAG_READY"", ""sensor_id"": ""SENSOR_REST_001"", ""restaurant_id"": ""REST_001"", ""order_id"": ""ORD_00006"", ""timestamp"": ""2024-06-01 10:41:48"", ""iot_kpt_minutes"": 22.8, ""confidence"": 0.95}"
ORD_00007,2024-06-01 10:23:00,2024-06-01 10:35:24,2024-06-01 10:36:24,12.4,12.4,13.4,0,"{""event_type"": ""BAG_READY"", ""sensor_id"": ""SENSOR_REST_001"", ""restaurant_id"": ""REST_001"", ""order_id"": ""ORD_00007"", ""timestamp"": ""2024-06-01 10:35:24"", ""iot_kpt_minutes"": 12.4, ""confidence"": 0.96}"
ORD_00008,2024-06-01 10:26:00,2024-06-01 10:52:42,2024-06-01 10:44:47,26.7,26.7,18.8,1,"{""event_type"": ""BAG_READY"", ""sensor_id"": ""SENSOR_REST_001"", ""restaurant_id"": ""REST_001"", ""order_id"": ""ORD_00008"", ""timestamp"": ""2024-06-01 10:52:42"", ""iot_kpt_minutes"": 26.7, ""confidence"": 0.98}"
ORD_00009,2024-06-01 10:27:00,2024-06-01 10:50:06,2024-06-01 10:45:46,23.1,23.1,18.8,1,"{""event_type"": ""BAG_READY"", ""sensor_id"": ""SENSOR_REST_001"", ""restaurant_id"": ""REST_001"", ""order_id"": ""ORD_00009"", ""timestamp"": ""2024-06-01 10:50:06"", ""iot_kpt_minutes"": 23.1, ""confidence"": 0.98}"
ORD_00010,2024-06-01 10:30:00,2024-06-01 10:47:42,2024-06-01 10:46:42,17.7,17.7,16.7,0,"{""event_type"": ""BAG_READY"", ""sensor_id"": ""SENSOR_REST_001"", ""restaurant_id"": ""REST_001"", ""order_id"": ""ORD_00010"", ""timestamp"": ""2024-06-01 10:47:42"", ""iot_kpt_minutes"": 17.7, ""confidence"": 0.96}"
ORD_00011,2024-06-01 10:33:00,2024-06-01 10:55:30,2024-06-01 10:55:30,22.5,22.5,22.5,0,"{""event_type"": ""BAG_READY"", ""sensor_id"": ""SENSOR_REST_001"", ""restaurant_id"": ""REST_001"", ""order_id"": ""ORD_00011"", ""timestamp"": ""2024-06-01 10:55:30"", ""iot_kpt_minutes"": 22.5, ""confidence"": 0.95}"
ORD_00012,2024-06-01 10:37:00,2024-06-01 11:04:06,2024-06-01 10:58:26,27.1,27.1,21.4,1,"{""event_type"": ""BAG_READY"", ""sensor_id"": ""SENSOR_REST_001"", ""restaurant_id"": ""REST_001"", ""order_id"": ""ORD_00012"", ""timestamp"": ""2024-06-01 11:04:06"", ""iot_kpt_minutes"": 27.1, ""confidence"": 0.98}"
ORD_00013,2024-06-01 10:39:00,2024-06-01 10:58:30,2024-06-01 10:59:30,19.5,19.5,20.5,0,"{""event_type"": ""BAG_READY"", ""sensor_id"": ""SENSOR_REST_001"", ""restaurant_id"": ""REST_001"", ""order_id"": ""ORD_00013"", ""timestamp"": ""2024-06-01 10:58:30"", ""iot_kpt_minutes"": 19.5, ""confidence"": 0.95}"
ORD_00014,2024-06-01 10:42:00,2024-06-01 11:04:54,2024-06-01 10:58:35,22.9,22.9,16.6,1,"{""event_type"": ""BAG_READY"", ""sensor_id"": ""SENSOR_REST_001"", ""restaurant_id"": ""REST_001"", ""order_id"": ""ORD_00014"", ""timestamp"": ""2024-06-01 11:04:54"", ""iot_kpt_minutes"": 22.9, ""confidence"": 0.95}"
ORD_00015,2024-06-01 10:47:00,2024-06-01 11:18:36,2024-06-01 11:13:44,31.6,31.6,26.7,1,"{""event_type"": ""BAG_READY"", ""sensor_id"": ""SENSOR_REST_001"", ""restaurant_id"": ""REST_001"", ""order_id"": ""ORD_00015"", ""timestamp"": ""2024-06-01 11:18:36"", ""iot_kpt_minutes"": 31.6, ""confidence"": 0.94}"
ORD_00016,2024-06-01 10:50:00,2024-06-01 11:02:00,2024-06-01 11:04:00,12.0,12.0,14.0,0,"{""event_type"": ""BAG_READY"", ""sensor_id"": ""SENSOR_REST_001"", ""restaurant_id"": ""REST_001"", ""order_id"": ""ORD_00016"", ""timestamp"": ""2024-06-01 11:02:00"", ""iot_kpt_minutes"": 12.0, ""confidence"": 0.95}"
ORD_00017,2024-06-01 10:51:00,2024-06-01 11:09:00,2024-06-01 11:08:00,18.0,18.0,17.0,0,"{""event_type"": ""BAG_READY"", ""sensor_id"": ""SENSOR_REST_001"", ""restaurant_id"": ""REST_001"", ""order_id"": ""ORD_00017"", ""timestamp"": ""2024-06-01 11:09:00"", ""iot_kpt_minutes"": 18.0, ""confidence"": 0.98}"
ORD_00018,2024-06-01 10:54:00,2024-06-01 11:07:48,2024-06-01 11:09:48,13.8,13.8,15.8,0,"{""event_type"": ""BAG_READY"", ""sensor_id"": ""SENSOR_REST_001"", ""restaurant_id"": ""REST_001"", ""order_id"": ""ORD_00018"", ""timestamp"": ""2024-06-01 11:07:48"", ""iot_kpt_minutes"": 13.8, ""confidence"": 0.95}"
ORD_00019,2024-06-01 10:58:00,2024-06-01 11:11:36,2024-06-01 11:06:11,13.6,13.6,8.2,1,"{""event_type"": ""BAG_READY"", ""sensor_id"": ""SENSOR_REST_001"", ""restaurant_id"": ""REST_001"", ""order_id"": ""ORD_00019"", ""timestamp"": ""2024-06-01 11:11:36"", ""iot_kpt_minutes"": 13.6, ""confidence"": 0.98}"
ORD_00020,2024-06-01 11:00:00,2024-06-01 11:19:00,2024-06-01 11:20:00,19.0,19.0,20.0,0,"{""event_type"": ""BAG_READY"", ""sensor_id"": ""SENSOR_REST_001"", ""restaurant_id"": ""REST_001"", ""order_id"": ""ORD_00020"", ""timestamp"": ""2024-06-01 11:19:00"", ""iot_kpt_minutes"": 19.0, ""confidence"": 0.93}"
ORD_00021,2024-06-01 11:04:00,2024-06-01 11:21:48,2024-06-01 11:22:48,17.8,17.8,18.8,0,"{""event_type"": ""BAG_READY"", ""sensor_id"": ""SENSOR_REST_001"", ""restaurant_id"": ""REST_001"", ""order_id"": ""ORD_00021"", ""timestamp"": ""2024-06-01 11:21:48"", ""iot_kpt_minutes"": 17.8, ""confidence"": 0.99}"
ORD_00022,2024-06-01 11:06:00,2024-06-01 11:23:36,2024-06-01 11:17:16,17.6,17.6,11.3,1,"{""event_type"": ""BAG_READY"", ""sensor_id"": ""SENSOR_REST_001"", ""restaurant_id"": ""REST_001"", ""order_id"": ""ORD_00022"", ""timestamp"": ""2024-06-01 11:23:36"", ""iot_kpt_minutes"": 17.6, ""confidence"": 0.96}"
ORD_00023,2024-06-01 11:09:00,2024-06-01 11:28:54,2024-06-01 11:26:04,19.9,19.9,17.1,1,"{""event_type"": ""BAG_READY"", ""sensor_id"": ""SENSOR_REST_001"", ""restaurant_id"": ""REST_001"", ""order_id"": ""ORD_00023"", ""timestamp"": ""2024-06-01 11:28:54"", ""iot_kpt_minutes"": 19.9, ""confidence"": 0.96}"
ORD_00024,2024-06-01 11:14:00,2024-06-01 11:39:54,2024-06-01 11:35:53,25.9,25.9,21.9,1,"{""event_type"": ""BAG_READY"", ""sensor_id"": ""SENSOR_REST_001"", ""restaurant_id"": ""REST_001"", ""order_id"": ""ORD_00024"", ""timestamp"": ""2024-06-01 11:39:54"", ""iot_kpt_minutes"": 25.9, ""confidence"": 0.95}"
ORD_00025,2024-06-01 11:16:00,2024-06-01 11:32:42,2024-06-01 11:30:38,16.7,16.7,14.6,1,"{""event_type"": ""BAG_READY"", ""sensor_id"": ""SENSOR_REST_001"", ""restaurant_id"": ""REST_001"", ""order_id"": ""ORD_00025"", ""timestamp"": ""2024-06-01 11:32:42"", ""iot_kpt_minutes"": 16.7, ""confidence"": 0.96}"
ORD_00026,2024-06-01 11:18:00,2024-06-01 11:43:00,2024-06-01 11:43:00,25.0,25.0,25.0,0,"{""event_type"": ""BAG_READY"", ""sensor_id"": ""SENSOR_REST_001"", ""restaurant_id"": ""REST_001"", ""order_id"": ""ORD_00026"", ""timestamp"": ""2024-06-01 11:43:00"", ""iot_kpt_minutes"": 25.0, ""confidence"": 0.93}"
ORD_00027,2024-06-01 11:22:00,2024-06-01 11:45:00,2024-06-01 11:39:33,23.0,23.0,17.6,1,"{""event_type"": ""BAG_READY"", ""sensor_id"": ""SENSOR_REST_001"", ""restaurant_id"": ""REST_001"", ""order_id"": ""ORD_00027"", ""timestamp"": ""2024-06-01 11:45:00"", ""iot_kpt_minutes"": 23.0, ""confidence"": 0.98}"
ORD_00028,2024-06-01 11:25:00,2024-06-01 11:56:12,2024-06-01 11:56:12,31.2,31.2,31.2,0,"{""event_type"": ""BAG_READY"", ""sensor_id"": ""SENSOR_REST_001"", ""restaurant_id"": ""REST_001"", ""order_id"": ""ORD_00028"", ""timestamp"": ""2024-06-01 11:56:12"", ""iot_kpt_minutes"": 31.2, ""confidence"": 0.97}"
ORD_00029,2024-06-01 11:28:00,2024-06-01 11:45:24,2024-06-01 11:47:24,17.4,17.4,19.4,0,"{""event_type"": ""BAG_READY"", ""sensor_id"": ""SENSOR_REST_001"", ""restaurant_id"": ""REST_001"", ""order_id"": ""ORD_00029"", ""timestamp"": ""2024-06-01 11:45:24"", ""iot_kpt_minutes"": 17.4, ""confidence"": 0.98}"
ORD_00030,2024-06-01 11:31:00,2024-06-01 11:53:36,2024-06-01 11:50:11,22.6,22.6,19.2,1,"{""event_type"": ""BAG_READY"", ""sensor_id"": ""SENSOR_REST_001"", ""restaurant_id"": ""REST_001"", ""order_id"": ""ORD_00030"", ""timestamp"": ""2024-06-01 11:53:36"", ""iot_kpt_minutes"": 22.6, ""confidence"": 0.94}"
ORD_00031,2024-06-01 11:33:00,2024-06-01 11:55:30,2024-06-01 11:54:10,22.5,22.5,21.2,1,"{""event_type"": ""BAG_READY"", ""sensor_id"": ""SENSOR_REST_001"", ""restaurant_id"": ""REST_001"", ""order_id"": ""ORD_00031"", ""timestamp"": ""2024-06-01 11:55:30"", ""iot_kpt_minutes"": 22.5, ""confidence"": 0.92}"
ORD_00032,2024-06-01 11:36:00,2024-06-01 12:04:12,2024-06-01 12:05:12,28.2,28.2,29.2,0,"{""event_type"": ""BAG_READY"", ""sensor_id"": ""SENSOR_REST_001"", ""restaurant_id"": ""REST_001"", ""order_id"": ""ORD_00032"", ""timestamp"": ""2024-06-01 12:04:12"", ""iot_kpt_minutes"": 28.2, ""confidence"": 0.97}"
ORD_00033,2024-06-01 11:39:00,2024-06-01 11:53:30,2024-06-01 11:48:29,14.5,14.5,9.5,1,"{""event_type"": ""BAG_READY"", ""sensor_id"": ""SENSOR_REST_001"", ""restaurant_id"": ""REST_001"", ""order_id"": ""ORD_00033"", ""timestamp"": ""2024-06-01 11:53:30"", ""iot_kpt_minutes"": 14.5, ""confidence"": 0.98}"
ORD_00034,2024-06-01 11:44:00,2024-06-01 11:55:24,2024-06-01 11:47:30,11.4,11.4,3.5,1,"{""event_type"": ""BAG_READY"", ""sensor_id"": ""SENSOR_REST_001"", ""restaurant_id"": ""REST_001"", ""order_id"": ""ORD_00034"", ""timestamp"": ""2024-06-01 11:55:24"", ""iot_kpt_minutes"": 11.4, ""confidence"": 0.93}"
ORD_00035,2024-06-01 11:46:00,2024-06-01 12:07:30,2024-06-01 12:03:59,21.5,21.5,18.0,1,"{""event_type"": ""BAG_READY"", ""sensor_id"": ""SENSOR_REST_001"", ""restaurant_id"": ""REST_001"", ""order_id"": ""ORD_00035"", ""timestamp"": ""2024-06-01 12:07:30"", ""iot_kpt_minutes"": 21.5, ""confidence"": 0.98}"
ORD_00036,2024-06-01 11:48:00,2024-06-01 12:01:18,2024-06-01 12:00:04,13.3,13.3,12.1,1,"{""event_type"": ""BAG_READY"", ""sensor_id"": ""SENSOR_REST_001"", ""restaurant_id"": ""REST_001"", ""order_id"": ""ORD_00036"", ""timestamp"": ""2024-06-01 12:01:18"", ""iot_kpt_minutes"": 13.3, ""confidence"": 0.94}"
ORD_00037,2024-06-01 11:51:00,2024-06-01 11:58:12,2024-06-01 11:55:46,7.2,7.2,4.8,1,"{""event_type"": ""BAG_READY"", ""sensor_id"": ""SENSOR_REST_001"", ""restaurant_id"": ""REST_001"", ""order_id"": ""ORD_00037"", ""timestamp"": ""2024-06-01 11:58:12"", ""iot_kpt_minutes"": 7.2, ""confidence"": 0.95}"
ORD_00038,2024-06-01 11:55:00,2024-06-01 12:17:18,2024-06-01 12:19:18,22.3,22.3,24.3,0,"{""event_type"": ""BAG_READY"", ""sensor_id"": ""SENSOR_REST_001"", ""restaurant_id"": ""REST_001"", ""order_id"": ""ORD_00038"", ""timestamp"": ""2024-06-01 12:17:18"", ""iot_kpt_minutes"": 22.3, ""confidence"": 0.98}"
ORD_00039,2024-06-01 11:59:00,2024-06-01 12:24:06,2024-06-01 12:22:40,25.1,25.1,23.7,1,"{""event_type"": ""BAG_READY"", ""sensor_id"": ""SENSOR_REST_001"", ""restaurant_id"": ""REST_001"", ""order_id"": ""ORD_00039"", ""timestamp"": ""2024-06-01 12:24:06"", ""iot_kpt_minutes"": 25.1, ""confidence"": 0.98}"
ORD_00040,2024-06-01 12:00:00,2024-06-01 12:28:42,2024-06-01 12:26:12,28.7,28.7,26.2,1,"{""event_type"": ""BAG_READY"", ""sensor_id"": ""SENSOR_REST_001"", ""restaurant_id"": ""REST_001"", ""order_id"": ""ORD_00040"", ""timestamp"": ""2024-06-01 12:28:42"", ""iot_kpt_minutes"": 28.7, ""confidence"": 0.93}"
ORD_00041,2024-06-01 12:04:00,2024-06-01 12:19:42,2024-06-01 12:17:42,15.7,15.7,13.7,1,"{""event_type"": ""BAG_READY"", ""sensor_id"": ""SENSOR_REST_001"", ""restaurant_id"": ""REST_001"", ""order_id"": ""ORD_00041"", ""timestamp"": ""2024-06-01 12:19:42"", ""iot_kpt_minutes"": 15.7, ""confidence"": 0.99}"
ORD_00042,2024-06-01 12:07:00,2024-06-01 12:34:54,2024-06-01 12:31:40,27.9,27.9,24.7,1,"{""event_type"": ""BAG_READY"", ""sensor_id"": ""SENSOR_REST_001"", ""restaurant_id"": ""REST_001"", ""order_id"": ""ORD_00042"", ""timestamp"": ""2024-06-01 12:34:54"", ""iot_kpt_minutes"": 27.9, ""confidence"": 0.99}"
ORD_00043,2024-06-01 12:11:00,2024-06-01 12:27:06,2024-06-01 12:27:06,16.1,16.1,16.1,0,"{""event_type"": ""BAG_READY"", ""sensor_id"": ""SENSOR_REST_001"", ""restaurant_id"": ""REST_001"", ""order_id"": ""ORD_00043"", ""timestamp"": ""2024-06-01 12:27:06"", ""iot_kpt_minutes"": 16.1, ""confidence"": 0.93}"
ORD_00044,2024-06-01 12:12:00,2024-06-01 12:38:30,2024-06-01 12:32:50,26.5,26.5,20.8,1,"{""event_type"": ""BAG_READY"", ""sensor_id"": ""SENSOR_REST_001"", ""restaurant_id"": ""REST_001"", ""order_id"": ""ORD_00044"", ""timestamp"": ""2024-06-01 12:38:30"", ""iot_kpt_minutes"": 26.5, ""confidence"": 0.92}"
ORD_00045,2024-06-01 12:17:00,2024-06-01 12:35:42,2024-06-01 12:35:42,18.7,18.7,18.7,0,"{""event_type"": ""BAG_READY"", ""sensor_id"": ""SENSOR_REST_001"", ""restaurant_id"": ""REST_001"", ""order_id"": ""ORD_00045"", ""timestamp"": ""2024-06-01 12:35:42"", ""iot_kpt_minutes"": 18.7, ""confidence"": 0.92}"
ORD_00046,2024-06-01 12:20:00,2024-06-01 12:42:48,2024-06-01 12:37:43,22.8,22.8,17.7,1,"{""event_type"": ""BAG_READY"", ""sensor_id"": ""SENSOR_REST_001"", ""restaurant_id"": ""REST_001"", ""order_id"": ""ORD_00046"", ""timestamp"": ""2024-06-01 12:42:48"", ""iot_kpt_minutes"": 22.8, ""confidence"": 0.94}"
ORD_00047,2024-06-01 12:21:00,2024-06-01 12:42:30,2024-06-01 12:37:08,21.5,21.5,16.1,1,"{""event_type"": ""BAG_READY"", ""sensor_id"": ""SENSOR_REST_001"", ""restaurant_id"": ""REST_001"", ""order_id"": ""ORD_00047"", ""timestamp"": ""2024-06-01 12:42:30"", ""iot_kpt_minutes"": 21.5, ""confidence"": 0.92}"
ORD_00048,2024-06-01 12:24:00,2024-06-01 12:38:12,2024-06-01 12:32:28,14.2,14.2,8.5,1,"{""event_type"": ""BAG_READY"", ""sensor_id"": ""SENSOR_REST_001"", ""restaurant_id"": ""REST_001"", ""order_id"": ""ORD_00048"", ""timestamp"": ""2024-06-01 12:38:12"", ""iot_kpt_minutes"": 14.2, ""confidence"": 0.93}"
ORD_00049,2024-06-01 12:29:00,2024-06-01 12:52:12,2024-06-01 12:48:37,23.2,23.2,19.6,1,"{""event_type"": ""BAG_READY"", ""sensor_id"": ""SENSOR_REST_001"", ""restaurant_id"": ""REST_001"", ""order_id"": ""ORD_00049"", ""timestamp"": ""2024-06-01 12:52:12"", ""iot_kpt_minutes"": 23.2, ""confidence"": 0.93}"
ORD_00050,2024-06-01 12:32:00,2024-06-01 12:50:42,2024-06-01 12:49:42,18.7,18.7,17.7,0,"{""event_type"": ""BAG_READY"", ""sensor_id"": ""SENSOR_REST_001"", ""restaurant_id"": ""REST_001"", ""order_id"": ""ORD_00050"", ""timestamp"": ""2024-06-01 12:50:42"", ""iot_kpt_minutes"": 18.7, ""confidence"": 0.95}"
ORD_00051,2024-06-01 12:35:00,2024-06-01 12:59:06,2024-06-01 12:57:19,24.1,24.1,22.3,1,"{""event_type"": ""BAG_READY"", ""sensor_id"": ""SENSOR_REST_001"", ""restaurant_id"": ""REST_001"", ""order_id"": ""ORD_00051"", ""timestamp"": ""2024-06-01 12:59:06"", ""iot_kpt_minutes"": 24.1, ""confidence"": 0.96}"
ORD_00052,2024-06-01 12:36:00,2024-06-01 13:05:24,2024-06-01 13:02:34,29.4,29.4,26.6,1,"{""event_type"": ""BAG_READY"", ""sensor_id"": ""SENSOR_REST_001"", ""restaurant_id"": ""REST_001"", ""order_id"": ""ORD_00052"", ""timestamp"": ""2024-06-01 13:05:24"", ""iot_kpt_minutes"": 29.4, ""confidence"": 0.95}"
ORD_00053,2024-06-01 12:41:00,2024-06-01 12:56:48,2024-06-01 12:50:39,15.8,15.8,9.7,1,"{""event_type"": ""BAG_READY"", ""sensor_id"": ""SENSOR_REST_001"", ""restaurant_id"": ""REST_001"", ""order_id"": ""ORD_00053"", ""timestamp"": ""2024-06-01 12:56:48"", ""iot_kpt_minutes"": 15.8, ""confidence"": 0.97}"
ORD_00054,2024-06-01 12:42:00,2024-06-01 12:58:54,2024-06-01 12:52:50,16.9,16.9,10.8,1,"{""event_type"": ""BAG_READY"", ""sensor_id"": ""SENSOR_REST_001"", ""restaurant_id"": ""REST_001"", ""order_id"": ""ORD_00054"", ""timestamp"": ""2024-06-01 12:58:54"", ""iot_kpt_minutes"": 16.9, ""confidence"": 0.93}"
ORD_00055,2024-06-01 12:45:00,2024-06-01 12:59:30,2024-06-01 12:59:30,14.5,14.5,14.5,0,"{""event_type"": ""BAG_READY"", ""sensor_id"": ""SENSOR_REST_001"", ""restaurant_id"": ""REST_001"", ""order_id"": ""ORD_00055"", ""timestamp"": ""2024-06-01 12:59:30"", ""iot_kpt_minutes"": 14.5, ""confidence"": 0.94}"
ORD_00056,2024-06-01 12:50:00,2024-06-01 13:11:06,2024-06-01 13:12:06,21.1,21.1,22.1,0,"{""event_type"": ""BAG_READY"", ""sensor_id"": ""SENSOR_REST_001"", ""restaurant_id"": ""REST_001"", ""order_id"": ""ORD_00056"", ""timestamp"": ""2024-06-01 13:11:06"", ""iot_kpt_minutes"": 21.1, ""confidence"": 0.96}"
ORD_00057,2024-06-01 12:52:00,2024-06-01 13:16:24,2024-06-01 13:09:04,24.4,24.4,17.1,1,"{""event_type"": ""BAG_READY"", ""sensor_id"": ""SENSOR_REST_001"", ""restaurant_id"": ""REST_001"", ""order_id"": ""ORD_00057"", ""timestamp"": ""2024-06-01 13:16:24"", ""iot_kpt_minutes"": 24.4, ""confidence"": 0.95}"
ORD_00058,2024-06-01 12:55:00,2024-06-01 13:19:18,2024-06-01 13:20:18,24.3,24.3,25.3,0,"{""event_type"": ""BAG_READY"", ""sensor_id"": ""SENSOR_REST_001"", ""restaurant_id"": ""REST_001"", ""order_id"": ""ORD_00058"", ""timestamp"": ""2024-06-01 13:19:18"", ""iot_kpt_minutes"": 24.3, ""confidence"": 0.93}"
ORD_00059,2024-06-01 12:58:00,2024-06-01 13:19:12,2024-06-01 13:18:12,21.2,21.2,20.2,0,"{""event_type"": ""BAG_READY"", ""sensor_id"": ""SENSOR_REST_001"", ""restaurant_id"": ""REST_001"", ""order_id"": ""ORD_00059"", ""timestamp"": ""2024-06-01 13:19:12"", ""iot_kpt_minutes"": 21.2, ""confidence"": 0.93}"
ORD_00060,2024-06-01 13:02:00,2024-06-01 13:27:12,2024-06-01 13:19:47,25.2,25.2,17.8,1,"{""event_type"": ""BAG_READY"", ""sensor_id"": ""SENSOR_REST_001"", ""restaurant_id"": ""REST_001"", ""order_id"": ""ORD_00060"", ""timestamp"": ""2024-06-01 13:27:12"", ""iot_kpt_minutes"": 25.2, ""confidence"": 0.93}"
ORD_00061,2024-06-01 13:03:00,2024-06-01 13:19:24,2024-06-01 13:18:21,16.4,16.4,15.3,1,"{""event_type"": ""BAG_READY"", ""sensor_id"": ""SENSOR_REST_001"", ""restaurant_id"": ""REST_001"", ""order_id"": ""ORD_00061"", ""timestamp"": ""2024-06-01 13:19:24"", ""iot_kpt_minutes"": 16.4, ""confidence"": 0.99}"
ORD_00062,2024-06-01 13:06:00,2024-06-01 13:28:48,2024-06-01 13:29:48,22.8,22.8,23.8,0,"{""event_type"": ""BAG_READY"", ""sensor_id"": ""SENSOR_REST_001"", ""restaurant_id"": ""REST_001"", ""order_id"": ""ORD_00062"", ""timestamp"": ""2024-06-01 13:28:48"", ""iot_kpt_minutes"": 22.8, ""confidence"": 0.97}"
ORD_00063,2024-06-01 13:10:00,2024-06-01 13:28:00,2024-06-01 13:28:00,18.0,18.0,18.0,0,"{""event_type"": ""BAG_READY"", ""sensor_id"": ""SENSOR_REST_001"", ""restaurant_id"": ""REST_001"", ""order_id"": ""ORD_00063"", ""timestamp"": ""2024-06-01 13:28:00"", ""iot_kpt_minutes"": 18.0, ""confidence"": 0.98}"
ORD_00064,2024-06-01 13:12:00,2024-06-01 13:32:48,2024-06-01 13:34:48,20.8,20.8,22.8,0,"{""event_type"": ""BAG_READY"", ""sensor_id"": ""SENSOR_REST_001"", ""restaurant_id"": ""REST_001"", ""order_id"": ""ORD_00064"", ""timestamp"": ""2024-06-01 13:32:48"", ""iot_kpt_minutes"": 20.8, ""confidence"": 0.98}"
ORD_00065,2024-06-01 13:17:00,2024-06-01 13:36:12,2024-06-01 13:28:22,19.2,19.2,11.4,1,"{""event_type"": ""BAG_READY"", ""sensor_id"": ""SENSOR_REST_001"", ""restaurant_id"": ""REST_001"", ""order_id"": ""ORD_00065"", ""timestamp"": ""2024-06-01 13:36:12"", ""iot_kpt_minutes"": 19.2, ""confidence"": 0.98}"
ORD_00066,2024-06-01 13:18:00,2024-06-01 13:37:00,2024-06-01 13:32:52,19.0,19.0,14.9,1,"{""event_type"": ""BAG_READY"", ""sensor_id"": ""SENSOR_REST_001"", ""restaurant_id"": ""REST_001"", ""order_id"": ""ORD_00066"", ""timestamp"": ""2024-06-01 13:37:00"", ""iot_kpt_minutes"": 19.0, ""confidence"": 0.98}"
ORD_00067,2024-06-01 13:22:00,2024-06-01 13:42:54,2024-06-01 13:42:54,20.9,20.9,20.9,0,"{""event_type"": ""BAG_READY"", ""sensor_id"": ""SENSOR_REST_001"", ""restaurant_id"": ""REST_001"", ""order_id"": ""ORD_00067"", ""timestamp"": ""2024-06-01 13:42:54"", ""iot_kpt_minutes"": 20.9, ""confidence"": 0.94}"
ORD_00068,2024-06-01 13:26:00,2024-06-01 13:47:36,2024-06-01 13:40:25,21.6,21.6,14.4,1,"{""event_type"": ""BAG_READY"", ""sensor_id"": ""SENSOR_REST_001"", ""restaurant_id"": ""REST_001"", ""order_id"": ""ORD_00068"", ""timestamp"": ""2024-06-01 13:47:36"", ""iot_kpt_minutes"": 21.6, ""confidence"": 0.94}"
ORD_00069,2024-06-01 13:29:00,2024-06-01 13:53:12,2024-06-01 13:48:05,24.2,24.2,19.1,1,"{""event_type"": ""BAG_READY"", ""sensor_id"": ""SENSOR_REST_001"", ""restaurant_id"": ""REST_001"", ""order_id"": ""ORD_00069"", ""timestamp"": ""2024-06-01 13:53:12"", ""iot_kpt_minutes"": 24.2, ""confidence"": 0.96}"
ORD_00070,2024-06-01 13:30:00,2024-06-01 13:59:54,2024-06-01 14:00:54,29.9,29.9,30.9,0,"{""event_type"": ""BAG_READY"", ""sensor_id"": ""SENSOR_REST_001"", ""restaurant_id"": ""REST_001"", ""order_id"": ""ORD_00070"", ""timestamp"": ""2024-06-01 13:59:54"", ""iot_kpt_minutes"": 29.9, ""confidence"": 0.92}"
ORD_00071,2024-06-01 13:35:00,2024-06-01 14:03:48,2024-06-01 13:59:38,28.8,28.8,24.6,1,"{""event_type"": ""BAG_READY"", ""sensor_id"": ""SENSOR_REST_001"", ""restaurant_id"": ""REST_001"", ""order_id"": ""ORD_00071"", ""timestamp"": ""2024-06-01 14:03:48"", ""iot_kpt_minutes"": 28.8, ""confidence"": 0.94}"
ORD_00072,2024-06-01 13:38:00,2024-06-01 14:00:30,2024-06-01 13:54:32,22.5,22.5,16.5,1,"{""event_type"": ""BAG_READY"", ""sensor_id"": ""SENSOR_REST_001"", ""restaurant_id"": ""REST_001"", ""order_id"": ""ORD_00072"", ""timestamp"": ""2024-06-01 14:00:30"", ""iot_kpt_minutes"": 22.5, ""confidence"": 0.97}"
ORD_00073,2024-06-01 13:39:00,2024-06-01 13:58:48,2024-06-01 13:58:48,19.8,19.8,19.8,0,"{""event_type"": ""BAG_READY"", ""sensor_id"": ""SENSOR_REST_001"", ""restaurant_id"": ""REST_001"", ""order_id"": ""ORD_00073"", ""timestamp"": ""2024-06-01 13:58:48"", ""iot_kpt_minutes"": 19.8, ""confidence"": 0.95}"
ORD_00074,2024-06-01 13:42:00,2024-06-01 14:12:42,2024-06-01 14:07:36,30.7,30.7,25.6,1,"{""event_type"": ""BAG_READY"", ""sensor_id"": ""SENSOR_REST_001"", ""restaurant_id"": ""REST_001"", ""order_id"": ""ORD_00074"", ""timestamp"": ""2024-06-01 14:12:42"", ""iot_kpt_minutes"": 30.7, ""confidence"": 0.93}"
ORD_00075,2024-06-01 13:46:00,2024-06-01 14:02:24,2024-06-01 13:56:50,16.4,16.4,10.8,1,"{""event_type"": ""BAG_READY"", ""sensor_id"": ""SENSOR_REST_001"", ""restaurant_id"": ""REST_001"", ""order_id"": ""ORD_00075"", ""timestamp"": ""2024-06-01 14:02:24"", ""iot_kpt_minutes"": 16.4, ""confidence"": 0.94}"
ORD_00076,2024-06-01 13:50:00,2024-06-01 14:09:18,2024-06-01 14:11:18,19.3,19.3,21.3,0,"{""event_type"": ""BAG_READY"", ""sensor_id"": ""SENSOR_REST_001"", ""restaurant_id"": ""REST_001"", ""order_id"": ""ORD_00076"", ""timestamp"": ""2024-06-01 14:09:18"", ""iot_kpt_minutes"": 19.3, ""confidence"": 0.97}"
ORD_00077,2024-06-01 13:51:00,2024-06-01 14:13:30,2024-06-01 14:15:30,22.5,22.5,24.5,0,"{""event_type"": ""BAG_READY"", ""sensor_id"": ""SENSOR_REST_001"", ""restaurant_id"": ""REST_001"", ""order_id"": ""ORD_00077"", ""timestamp"": ""2024-06-01 14:13:30"", ""iot_kpt_minutes"": 22.5, ""confidence"": 0.96}"
ORD_00078,2024-06-01 13:54:00,2024-06-01 14:12:54,2024-06-01 14:13:54,18.9,18.9,19.9,0,"{""event_type"": ""BAG_READY"", ""sensor_id"": ""SENSOR_REST_001"", ""restaurant_id"": ""REST_001"", ""order_id"": ""ORD_00078"", ""timestamp"": ""2024-06-01 14:12:54"", ""iot_kpt_minutes"": 18.9, ""confidence"": 0.95}"
ORD_00079,2024-06-01 13:58:00,2024-06-01 14:21:12,2024-06-01 14:14:42,23.2,23.2,16.7,1,"{""event_type"": ""BAG_READY"", ""sensor_id"": ""SENSOR_REST_001"", ""restaurant_id"": ""REST_001"", ""order_id"": ""ORD_00079"", ""timestamp"": ""2024-06-01 14:21:12"", ""iot_kpt_minutes"": 23.2, ""confidence"": 0.98}"
ORD_00080,2024-06-01 14:02:00,2024-06-01 14:23:00,2024-06-01 14:24:00,21.0,21.0,22.0,0,"{""event_type"": ""BAG_READY"", ""sensor_id"": ""SENSOR_REST_001"", ""restaurant_id"": ""REST_001"", ""order_id"": ""ORD_00080"", ""timestamp"": ""2024-06-01 14:23:00"", ""iot_kpt_minutes"": 21.0, ""confidence"": 0.93}"
ORD_00081,2024-06-01 14:03:00,2024-06-01 14:24:48,2024-06-01 14:18:39,21.8,21.8,15.7,1,"{""event_type"": ""BAG_READY"", ""sensor_id"": ""SENSOR_REST_001"", ""restaurant_id"": ""REST_001"", ""order_id"": ""ORD_00081"", ""timestamp"": ""2024-06-01 14:24:48"", ""iot_kpt_minutes"": 21.8, ""confidence"": 0.93}"
ORD_00082,2024-06-01 14:06:00,2024-06-01 14:39:48,2024-06-01 14:38:48,33.8,33.8,32.8,0,"{""event_type"": ""BAG_READY"", ""sensor_id"": ""SENSOR_REST_001"", ""restaurant_id"": ""REST_001"", ""order_id"": ""ORD_00082"", ""timestamp"": ""2024-06-01 14:39:48"", ""iot_kpt_minutes"": 33.8, ""confidence"": 0.95}"
ORD_00083,2024-06-01 14:11:00,2024-06-01 14:35:06,2024-06-01 14:29:50,24.1,24.1,18.8,1,"{""event_type"": ""BAG_READY"", ""sensor_id"": ""SENSOR_REST_001"", ""restaurant_id"": ""REST_001"", ""order_id"": ""ORD_00083"", ""timestamp"": ""2024-06-01 14:35:06"", ""iot_kpt_minutes"": 24.1, ""confidence"": 0.95}"
ORD_00084,2024-06-01 14:13:00,2024-06-01 14:33:18,2024-06-01 14:32:18,20.3,20.3,19.3,0,"{""event_type"": ""BAG_READY"", ""sensor_id"": ""SENSOR_REST_001"", ""restaurant_id"": ""REST_001"", ""order_id"": ""ORD_00084"", ""timestamp"": ""2024-06-01 14:33:18"", ""iot_kpt_minutes"": 20.3, ""confidence"": 0.97}"
ORD_00085,2024-06-01 14:15:00,2024-06-01 14:42:18,2024-06-01 14:44:18,27.3,27.3,29.3,0,"{""event_type"": ""BAG_READY"", ""sensor_id"": ""SENSOR_REST_001"", ""restaurant_id"": ""REST_001"", ""order_id"": ""ORD_00085"", ""timestamp"": ""2024-06-01 14:42:18"", ""iot_kpt_minutes"": 27.3, ""confidence"": 0.92}"
ORD_00086,2024-06-01 14:18:00,2024-06-01 14:40:12,2024-06-01 14:41:12,22.2,22.2,23.2,0,"{""event_type"": ""BAG_READY"", ""sensor_id"": ""SENSOR_REST_001"", ""restaurant_id"": ""REST_001"", ""order_id"": ""ORD_00086"", ""timestamp"": ""2024-06-01 14:40:12"", ""iot_kpt_minutes"": 22.2, ""confidence"": 0.99}"
ORD_00087,2024-06-01 14:22:00,2024-06-01 14:40:42,2024-06-01 14:42:42,18.7,18.7,20.7,0,"{""event_type"": ""BAG_READY"", ""sensor_id"": ""SENSOR_REST_001"", ""restaurant_id"": ""REST_001"", ""order_id"": ""ORD_00087"", ""timestamp"": ""2024-06-01 14:40:42"", ""iot_kpt_minutes"": 18.7, ""confidence"": 0.98}"
ORD_00088,2024-06-01 14:26:00,2024-06-01 14:43:12,2024-06-01 14:44:12,17.2,17.2,18.2,0,"{""event_type"": ""BAG_READY"", ""sensor_id"": ""SENSOR_REST_001"", ""restaurant_id"": ""REST_001"", ""order_id"": ""ORD_00088"", ""timestamp"": ""2024-06-01 14:43:12"", ""iot_kpt_minutes"": 17.2, ""confidence"": 0.97}"
ORD_00089,2024-06-01 14:29:00,2024-06-01 14:50:00,2024-06-01 14:52:00,21.0,21.0,23.0,0,"{""event_type"": ""BAG_READY"", ""sensor_id"": ""SENSOR_REST_001"", ""restaurant_id"": ""REST_001"", ""order_id"": ""ORD_00089"", ""timestamp"": ""2024-06-01 14:50:00"", ""iot_kpt_minutes"": 21.0, ""confidence"": 0.96}"
ORD_00090,2024-06-01 14:31:00,2024-06-01 14:43:42,2024-06-01 14:41:02,12.7,12.7,10.0,1,"{""event_type"": ""BAG_READY"", ""sensor_id"": ""SENSOR_REST_001"", ""restaurant_id"": ""REST_001"", ""order_id"": ""ORD_00090"", ""timestamp"": ""2024-06-01 14:43:42"", ""iot_kpt_minutes"": 12.7, ""confidence"": 0.98}"
ORD_00091,2024-06-01 14:33:00,2024-06-01 14:55:54,2024-06-01 14:53:18,22.9,22.9,20.3,1,"{""event_type"": ""BAG_READY"", ""sensor_id"": ""SENSOR_REST_001"", ""restaurant_id"": ""REST_001"", ""order_id"": ""ORD_00091"", ""timestamp"": ""2024-06-01 14:55:54"", ""iot_kpt_minutes"": 22.9, ""confidence"": 0.97}"
ORD_00092,2024-06-01 14:38:00,2024-06-01 14:59:12,2024-06-01 15:01:12,21.2,21.2,23.2,0,"{""event_type"": ""BAG_READY"", ""sensor_id"": ""SENSOR_REST_001"", ""restaurant_id"": ""REST_001"", ""order_id"": ""ORD_00092"", ""timestamp"": ""2024-06-01 14:59:12"", ""iot_kpt_minutes"": 21.2, ""confidence"": 0.92}"
ORD_00093,2024-06-01 14:40:00,2024-06-01 15:05:00,2024-06-01 15:04:00,25.0,25.0,24.0,0,"{""event_type"": ""BAG_READY"", ""sensor_id"": ""SENSOR_REST_001"", ""restaurant_id"": ""REST_001"", ""order_id"": ""ORD_00093"", ""timestamp"": ""2024-06-01 15:05:00"", ""iot_kpt_minutes"": 25.0, ""confidence"": 0.98}"
ORD_00094,2024-06-01 14:44:00,2024-06-01 15:03:36,2024-06-01 15:00:00,19.6,19.6,16.0,1,"{""event_type"": ""BAG_READY"", ""sensor_id"": ""SENSOR_REST_001"", ""restaurant_id"": ""REST_001"", ""order_id"": ""ORD_00094"", ""timestamp"": ""2024-06-01 15:03:36"", ""iot_kpt_minutes"": 19.6, ""confidence"": 0.98}"
ORD_00095,2024-06-01 14:46:00,2024-06-01 15:06:24,2024-06-01 15:06:24,20.4,20.4,20.4,0,"{""event_type"": ""BAG_READY"", ""sensor_id"": ""SENSOR_REST_001"", ""restaurant_id"": ""REST_001"", ""order_id"": ""ORD_00095"", ""timestamp"": ""2024-06-01 15:06:24"", ""iot_kpt_minutes"": 20.4, ""confidence"": 0.95}"
ORD_00096,2024-06-01 14:49:00,2024-06-01 15:07:54,2024-06-01 15:09:54,18.9,18.9,20.9,0,"{""event_type"": ""BAG_READY"", ""sensor_id"": ""SENSOR_REST_001"", ""restaurant_id"": ""REST_001"", ""order_id"": ""ORD_00096"", ""timestamp"": ""2024-06-01 15:07:54"", ""iot_kpt_minutes"": 18.9, ""confidence"": 0.97}"
ORD_00097,2024-06-01 14:52:00,2024-06-01 15:12:30,2024-06-01 15:11:30,20.5,20.5,19.5,0,"{""event_type"": ""BAG_READY"", ""sensor_id"": ""SENSOR_REST_001"", ""restaurant_id"": ""REST_001"", ""order_id"": ""ORD_00097"", ""timestamp"": ""2024-06-01 15:12:30"", ""iot_kpt_minutes"": 20.5, ""confidence"": 0.98}"
ORD_00098,2024-06-01 14:56:00,2024-06-01 15:14:54,2024-06-01 15:08:49,18.9,18.9,12.8,1,"{""event_type"": ""BAG_READY"", ""sensor_id"": ""SENSOR_REST_001"", ""restaurant_id"": ""REST_001"", ""order_id"": ""ORD_00098"", ""timestamp"": ""2024-06-01 15:14:54"", ""iot_kpt_minutes"": 18.9, ""confidence"": 0.95}"
ORD_00099,2024-06-01 14:57:00,2024-06-01 15:16:30,2024-06-01 15:12:43,19.5,19.5,15.7,1,"{""event_type"": ""BAG_READY"", ""sensor_id"": ""SENSOR_REST_001"", ""restaurant_id"": ""REST_001"", ""order_id"": ""ORD_00099"", ""timestamp"": ""2024-06-01 15:16:30"", ""iot_kpt_minutes"": 19.5, ""confidence"": 0.95}"
ORD_00100,2024-06-01 15:01:00,2024-06-01 15:21:18,2024-06-01 15:23:18,20.3,20.3,22.3,0,"{""event_type"": ""BAG_READY"", ""sensor_id"": ""SENSOR_REST_001"", ""restaurant_id"": ""REST_001"", ""order_id"": ""ORD_00100"", ""timestamp"": ""2024-06-01 15:21:18"", ""iot_kpt_minutes"": 20.3, ""confidence"": 0.94}"
ORD_00101,2024-06-01 15:03:00,2024-06-01 15:18:06,2024-06-01 15:13:40,15.1,15.1,10.7,1,"{""event_type"": ""BAG_READY"", ""sensor_id"": ""SENSOR_REST_001"", ""restaurant_id"": ""REST_001"", ""order_id"": ""ORD_00101"", ""timestamp"": ""2024-06-01 15:18:06"", ""iot_kpt_minutes"": 15.1, ""confidence"": 0.92}"
ORD_00102,2024-06-01 15:07:00,2024-06-01 15:27:18,2024-06-01 15:20:19,20.3,20.3,13.3,1,"{""event_type"": ""BAG_READY"", ""sensor_id"": ""SENSOR_REST_001"", ""restaurant_id"": ""REST_001"", ""order_id"": ""ORD_00102"", ""timestamp"": ""2024-06-01 15:27:18"", ""iot_kpt_minutes"": 20.3, ""confidence"": 0.99}"
ORD_00103,2024-06-01 15:09:00,2024-06-01 15:30:54,2024-06-01 15:23:03,21.9,21.9,14.1,1,"{""event_type"": ""BAG_READY"", ""sensor_id"": ""SENSOR_REST_001"", ""restaurant_id"": ""REST_001"", ""order_id"": ""ORD_00103"", ""timestamp"": ""2024-06-01 15:30:54"", ""iot_kpt_minutes"": 21.9, ""confidence"": 0.94}"
ORD_00104,2024-06-01 15:13:00,2024-06-01 15:29:54,2024-06-01 15:30:54,16.9,16.9,17.9,0,"{""event_type"": ""BAG_READY"", ""sensor_id"": ""SENSOR_REST_001"", ""restaurant_id"": ""REST_001"", ""order_id"": ""ORD_00104"", ""timestamp"": ""2024-06-01 15:29:54"", ""iot_kpt_minutes"": 16.9, ""confidence"": 0.97}"
ORD_00105,2024-06-01 15:15:00,2024-06-01 15:29:24,2024-06-01 15:28:24,14.4,14.4,13.4,0,"{""event_type"": ""BAG_READY"", ""sensor_id"": ""SENSOR_REST_001"", ""restaurant_id"": ""REST_001"", ""order_id"": ""ORD_00105"", ""timestamp"": ""2024-06-01 15:29:24"", ""iot_kpt_minutes"": 14.4, ""confidence"": 0.97}"
ORD_00106,2024-06-01 15:18:00,2024-06-01 15:40:18,2024-06-01 15:42:18,22.3,22.3,24.3,0,"{""event_type"": ""BAG_READY"", ""sensor_id"": ""SENSOR_REST_001"", ""restaurant_id"": ""REST_001"", ""order_id"": ""ORD_00106"", ""timestamp"": ""2024-06-01 15:40:18"", ""iot_kpt_minutes"": 22.3, ""confidence"": 0.95}"
ORD_00107,2024-06-01 15:23:00,2024-06-01 15:42:30,2024-06-01 15:40:14,19.5,19.5,17.2,1,"{""event_type"": ""BAG_READY"", ""sensor_id"": ""SENSOR_REST_001"", ""restaurant_id"": ""REST_001"", ""order_id"": ""ORD_00107"", ""timestamp"": ""2024-06-01 15:42:30"", ""iot_kpt_minutes"": 19.5, ""confidence"": 0.98}"
ORD_00108,2024-06-01 15:24:00,2024-06-01 15:50:54,2024-06-01 15:49:54,26.9,26.9,25.9,0,"{""event_type"": ""BAG_READY"", ""sensor_id"": ""SENSOR_REST_001"", ""restaurant_id"": ""REST_001"", ""order_id"": ""ORD_00108"", ""timestamp"": ""2024-06-01 15:50:54"", ""iot_kpt_minutes"": 26.9, ""confidence"": 0.98}"
ORD_00109,2024-06-01 15:29:00,2024-06-01 15:54:06,2024-06-01 15:46:40,25.1,25.1,17.7,1,"{""event_type"": ""BAG_READY"", ""sensor_id"": ""SENSOR_REST_001"", ""restaurant_id"": ""REST_001"", ""order_id"": ""ORD_00109"", ""timestamp"": ""2024-06-01 15:54:06"", ""iot_kpt_minutes"": 25.1, ""confidence"": 0.95}"
ORD_00110,2024-06-01 15:31:00,2024-06-01 15:57:36,2024-06-01 15:59:36,26.6,26.6,28.6,0,"{""event_type"": ""BAG_READY"", ""sensor_id"": ""SENSOR_REST_001"", ""restaurant_id"": ""REST_001"", ""order_id"": ""ORD_00110"", ""timestamp"": ""2024-06-01 15:57:36"", ""iot_kpt_minutes"": 26.6, ""confidence"": 0.93}"
ORD_00111,2024-06-01 15:34:00,2024-06-01 15:57:00,2024-06-01 15:59:00,23.0,23.0,25.0,0,"{""event_type"": ""BAG_READY"", ""sensor_id"": ""SENSOR_REST_001"", ""restaurant_id"": ""REST_001"", ""order_id"": ""ORD_00111"", ""timestamp"": ""2024-06-01 15:57:00"", ""iot_kpt_minutes"": 23.0, ""confidence"": 0.97}"
ORD_00112,2024-06-01 15:37:00,2024-06-01 15:59:42,2024-06-01 15:53:33,22.7,22.7,16.6,1,"{""event_type"": ""BAG_READY"", ""sensor_id"": ""SENSOR_REST_001"", ""restaurant_id"": ""REST_001"", ""order_id"": ""ORD_00112"", ""timestamp"": ""2024-06-01 15:59:42"", ""iot_kpt_minutes"": 22.7, ""confidence"": 0.98}"
ORD_00113,2024-06-01 15:40:00,2024-06-01 16:05:24,2024-06-01 16:01:10,25.4,25.4,21.2,1,"{""event_type"": ""BAG_READY"", ""sensor_id"": ""SENSOR_REST_001"", ""restaurant_id"": ""REST_001"", ""order_id"": ""ORD_00113"", ""timestamp"": ""2024-06-01 16:05:24"", ""iot_kpt_minutes"": 25.4, ""confidence"": 0.96}"
ORD_00114,2024-06-01 15:43:00,2024-06-01 16:08:36,2024-06-01 16:07:04,25.6,25.6,24.1,1,"{""event_type"": ""BAG_READY"", ""sensor_id"": ""SENSOR_REST_001"", ""restaurant_id"": ""REST_001"", ""order_id"": ""ORD_00114"", ""timestamp"": ""2024-06-01 16:08:36"", ""iot_kpt_minutes"": 25.6, ""confidence"": 0.94}"
ORD_00115,2024-06-01 15:46:00,2024-06-01 15:58:24,2024-06-01 16:00:24,12.4,12.4,14.4,0,"{""event_type"": ""BAG_READY"", ""sensor_id"": ""SENSOR_REST_001"", ""restaurant_id"": ""REST_001"", ""order_id"": ""ORD_00115"", ""timestamp"": ""2024-06-01 15:58:24"", ""iot_kpt_minutes"": 12.4, ""confidence"": 0.94}"
ORD_00116,2024-06-01 15:49:00,2024-06-01 16:10:54,2024-06-01 16:08:10,21.9,21.9,19.2,1,"{""event_type"": ""BAG_READY"", ""sensor_id"": ""SENSOR_REST_001"", ""restaurant_id"": ""REST_001"", ""order_id"": ""ORD_00116"", ""timestamp"": ""2024-06-01 16:10:54"", ""iot_kpt_minutes"": 21.9, ""confidence"": 0.94}"
ORD_00117,2024-06-01 15:53:00,2024-06-01 16:10:24,2024-06-01 16:09:24,17.4,17.4,16.4,0,"{""event_type"": ""BAG_READY"", ""sensor_id"": ""SENSOR_REST_001"", ""restaurant_id"": ""REST_001"", ""order_id"": ""ORD_00117"", ""timestamp"": ""2024-06-01 16:10:24"", ""iot_kpt_minutes"": 17.4, ""confidence"": 0.96}"
ORD_00118,2024-06-01 15:54:00,2024-06-01 16:20:54,2024-06-01 16:20:54,26.9,26.9,26.9,0,"{""event_type"": ""BAG_READY"", ""sensor_id"": ""SENSOR_REST_001"", ""restaurant_id"": ""REST_001"", ""order_id"": ""ORD_00118"", ""timestamp"": ""2024-06-01 16:20:54"", ""iot_kpt_minutes"": 26.9, ""confidence"": 0.97}"
ORD_00119,2024-06-01 15:59:00,2024-06-01 16:23:06,2024-06-01 16:22:06,24.1,24.1,23.1,0,"{""event_type"": ""BAG_READY"", ""sensor_id"": ""SENSOR_REST_001"", ""restaurant_id"": ""REST_001"", ""order_id"": ""ORD_00119"", ""timestamp"": ""2024-06-01 16:23:06"", ""iot_kpt_minutes"": 24.1, ""confidence"": 0.93}"
ORD_00120,2024-06-01 16:00:00,2024-06-01 16:16:54,2024-06-01 16:18:54,16.9,16.9,18.9,0,"{""event_type"": ""BAG_READY"", ""sensor_id"": ""SENSOR_REST_001"", ""restaurant_id"": ""REST_001"", ""order_id"": ""ORD_00120"", ""timestamp"": ""2024-06-01 16:16:54"", ""iot_kpt_minutes"": 16.9, ""confidence"": 0.96}"
ORD_00121,2024-06-01 16:04:00,2024-06-01 16:26:06,2024-06-01 16:27:06,22.1,22.1,23.1,0,"{""event_type"": ""BAG_READY"", ""sensor_id"": ""SENSOR_REST_001"", ""restaurant_id"": ""REST_001"", ""order_id"": ""ORD_00121"", ""timestamp"": ""2024-06-01 16:26:06"", ""iot_kpt_minutes"": 22.1, ""confidence"": 0.94}"
ORD_00122,2024-06-01 16:07:00,2024-06-01 16:26:30,2024-06-01 16:27:30,19.5,19.5,20.5,0,"{""event_type"": ""BAG_READY"", ""sensor_id"": ""SENSOR_REST_001"", ""restaurant_id"": ""REST_001"", ""order_id"": ""ORD_00122"", ""timestamp"": ""2024-06-01 16:26:30"", ""iot_kpt_minutes"": 19.5, ""confidence"": 0.93}"
ORD_00123,2024-06-01 16:11:00,2024-06-01 16:34:48,2024-06-01 16:34:48,23.8,23.8,23.8,0,"{""event_type"": ""BAG_READY"", ""sensor_id"": ""SENSOR_REST_001"", ""restaurant_id"": ""REST_001"", ""order_id"": ""ORD_00123"", ""timestamp"": ""2024-06-01 16:34:48"", ""iot_kpt_minutes"": 23.8, ""confidence"": 0.94}"
ORD_00124,2024-06-01 16:13:00,2024-06-01 16:31:54,2024-06-01 16:32:54,18.9,18.9,19.9,0,"{""event_type"": ""BAG_READY"", ""sensor_id"": ""SENSOR_REST_001"", ""restaurant_id"": ""REST_001"", ""order_id"": ""ORD_00124"", ""timestamp"": ""2024-06-01 16:31:54"", ""iot_kpt_minutes"": 18.9, ""confidence"": 0.99}"
ORD_00125,2024-06-01 16:15:00,2024-06-01 16:41:36,2024-06-01 16:37:47,26.6,26.6,22.8,1,"{""event_type"": ""BAG_READY"", ""sensor_id"": ""SENSOR_REST_001"", ""restaurant_id"": ""REST_001"", ""order_id"": ""ORD_00125"", ""timestamp"": ""2024-06-01 16:41:36"", ""iot_kpt_minutes"": 26.6, ""confidence"": 0.94}"
ORD_00126,2024-06-01 16:20:00,2024-06-01 16:36:06,2024-06-01 16:36:06,16.1,16.1,16.1,0,"{""event_type"": ""BAG_READY"", ""sensor_id"": ""SENSOR_REST_001"", ""restaurant_id"": ""REST_001"", ""order_id"": ""ORD_00126"", ""timestamp"": ""2024-06-01 16:36:06"", ""iot_kpt_minutes"": 16.1, ""confidence"": 0.96}"
ORD_00127,2024-06-01 16:22:00,2024-06-01 16:41:06,2024-06-01 16:42:06,19.1,19.1,20.1,0,"{""event_type"": ""BAG_READY"", ""sensor_id"": ""SENSOR_REST_001"", ""restaurant_id"": ""REST_001"", ""order_id"": ""ORD_00127"", ""timestamp"": ""2024-06-01 16:41:06"", ""iot_kpt_minutes"": 19.1, ""confidence"": 0.95}"
ORD_00128,2024-06-01 16:25:00,2024-06-01 16:38:00,2024-06-01 16:40:00,13.0,13.0,15.0,0,"{""event_type"": ""BAG_READY"", ""sensor_id"": ""SENSOR_REST_001"", ""restaurant_id"": ""REST_001"", ""order_id"": ""ORD_00128"", ""timestamp"": ""2024-06-01 16:38:00"", ""iot_kpt_minutes"": 13.0, ""confidence"": 0.93}"
ORD_00129,2024-06-01 16:27:00,2024-06-01 16:57:54,2024-06-01 16:56:54,30.9,30.9,29.9,0,"{""event_type"": ""BAG_READY"", ""sensor_id"": ""SENSOR_REST_001"", ""restaurant_id"": ""REST_001"", ""order_id"": ""ORD_00129"", ""timestamp"": ""2024-06-01 16:57:54"", ""iot_kpt_minutes"": 30.9, ""confidence"": 0.93}"
ORD_00130,2024-06-01 16:32:00,2024-06-01 16:54:00,2024-06-01 16:51:48,22.0,22.0,19.8,1,"{""event_type"": ""BAG_READY"", ""sensor_id"": ""SENSOR_REST_001"", ""restaurant_id"": ""REST_001"", ""order_id"": ""ORD_00130"", ""timestamp"": ""2024-06-01 16:54:00"", ""iot_kpt_minutes"": 22.0, ""confidence"": 0.95}"
ORD_00131,2024-06-01 16:35:00,2024-06-01 16:54:18,2024-06-01 16:56:18,19.3,19.3,21.3,0,"{""event_type"": ""BAG_READY"", ""sensor_id"": ""SENSOR_REST_001"", ""restaurant_id"": ""REST_001"", ""order_id"": ""ORD_00131"", ""timestamp"": ""2024-06-01 16:54:18"", ""iot_kpt_minutes"": 19.3, ""confidence"": 0.95}"
ORD_00132,2024-06-01 16:37:00,2024-06-01 16:55:00,2024-06-01 16:50:39,18.0,18.0,13.7,1,"{""event_type"": ""BAG_READY"", ""sensor_id"": ""SENSOR_REST_001"", ""restaurant_id"": ""REST_001"", ""order_id"": ""ORD_00132"", ""timestamp"": ""2024-06-01 16:55:00"", ""iot_kpt_minutes"": 18.0, ""confidence"": 0.92}"
ORD_00133,2024-06-01 16:41:00,2024-06-01 17:07:24,2024-06-01 17:07:24,26.4,26.4,26.4,0,"{""event_type"": ""BAG_READY"", ""sensor_id"": ""SENSOR_REST_001"", ""restaurant_id"": ""REST_001"", ""order_id"": ""ORD_00133"", ""timestamp"": ""2024-06-01 17:07:24"", ""iot_kpt_minutes"": 26.4, ""confidence"": 0.96}"
ORD_00134,2024-06-01 16:43:00,2024-06-01 17:01:24,2024-06-01 17:01:24,18.4,18.4,18.4,0,"{""event_type"": ""BAG_READY"", ""sensor_id"": ""SENSOR_REST_001"", ""restaurant_id"": ""REST_001"", ""order_id"": ""ORD_00134"", ""timestamp"": ""2024-06-01 17:01:24"", ""iot_kpt_minutes"": 18.4, ""confidence"": 0.92}"
ORD_00135,2024-06-01 16:46:00,2024-06-01 17:03:30,2024-06-01 17:04:30,17.5,17.5,18.5,0,"{""event_type"": ""BAG_READY"", ""sensor_id"": ""SENSOR_REST_001"", ""restaurant_id"": ""REST_001"", ""order_id"": ""ORD_00135"", ""timestamp"": ""2024-06-01 17:03:30"", ""iot_kpt_minutes"": 17.5, ""confidence"": 0.92}"
ORD_00136,2024-06-01 16:49:00,2024-06-01 17:06:54,2024-06-01 17:02:08,17.9,17.9,13.1,1,"{""event_type"": ""BAG_READY"", ""sensor_id"": ""SENSOR_REST_001"", ""restaurant_id"": ""REST_001"", ""order_id"": ""ORD_00136"", ""timestamp"": ""2024-06-01 17:06:54"", ""iot_kpt_minutes"": 17.9, ""confidence"": 0.98}"
ORD_00137,2024-06-01 16:53:00,2024-06-01 17:05:30,2024-06-01 17:05:30,12.5,12.5,12.5,0,"{""event_type"": ""BAG_READY"", ""sensor_id"": ""SENSOR_REST_001"", ""restaurant_id"": ""REST_001"", ""order_id"": ""ORD_00137"", ""timestamp"": ""2024-06-01 17:05:30"", ""iot_kpt_minutes"": 12.5, ""confidence"": 0.95}"
ORD_00138,2024-06-01 16:56:00,2024-06-01 17:16:24,2024-06-01 17:15:24,20.4,20.4,19.4,0,"{""event_type"": ""BAG_READY"", ""sensor_id"": ""SENSOR_REST_001"", ""restaurant_id"": ""REST_001"", ""order_id"": ""ORD_00138"", ""timestamp"": ""2024-06-01 17:16:24"", ""iot_kpt_minutes"": 20.4, ""confidence"": 0.92}"
ORD_00139,2024-06-01 16:58:00,2024-06-01 17:20:48,2024-06-01 17:21:48,22.8,22.8,23.8,0,"{""event_type"": ""BAG_READY"", ""sensor_id"": ""SENSOR_REST_001"", ""restaurant_id"": ""REST_001"", ""order_id"": ""ORD_00139"", ""timestamp"": ""2024-06-01 17:20:48"", ""iot_kpt_minutes"": 22.8, ""confidence"": 0.95}"
ORD_00140,2024-06-01 17:01:00,2024-06-01 17:18:06,2024-06-01 17:20:06,17.1,17.1,19.1,0,"{""event_type"": ""BAG_READY"", ""sensor_id"": ""SENSOR_REST_001"", ""restaurant_id"": ""REST_001"", ""order_id"": ""ORD_00140"", ""timestamp"": ""2024-06-01 17:18:06"", ""iot_kpt_minutes"": 17.1, ""confidence"": 0.95}"
ORD_00141,2024-06-01 17:05:00,2024-06-01 17:17:48,2024-06-01 17:18:48,12.8,12.8,13.8,0,"{""event_type"": ""BAG_READY"", ""sensor_id"": ""SENSOR_REST_001"", ""restaurant_id"": ""REST_001"", ""order_id"": ""ORD_00141"", ""timestamp"": ""2024-06-01 17:17:48"", ""iot_kpt_minutes"": 12.8, ""confidence"": 0.96}"
ORD_00142,2024-06-01 17:06:00,2024-06-01 17:36:42,2024-06-01 17:35:42,30.7,30.7,29.7,0,"{""event_type"": ""BAG_READY"", ""sensor_id"": ""SENSOR_REST_001"", ""restaurant_id"": ""REST_001"", ""order_id"": ""ORD_00142"", ""timestamp"": ""2024-06-01 17:36:42"", ""iot_kpt_minutes"": 30.7, ""confidence"": 0.99}"
ORD_00143,2024-06-01 17:11:00,2024-06-01 17:37:54,2024-06-01 17:29:56,26.9,26.9,18.9,1,"{""event_type"": ""BAG_READY"", ""sensor_id"": ""SENSOR_REST_001"", ""restaurant_id"": ""REST_001"", ""order_id"": ""ORD_00143"", ""timestamp"": ""2024-06-01 17:37:54"", ""iot_kpt_minutes"": 26.9, ""confidence"": 0.97}"
ORD_00144,2024-06-01 17:12:00,2024-06-01 17:24:54,2024-06-01 17:21:31,12.9,12.9,9.5,1,"{""event_type"": ""BAG_READY"", ""sensor_id"": ""SENSOR_REST_001"", ""restaurant_id"": ""REST_001"", ""order_id"": ""ORD_00144"", ""timestamp"": ""2024-06-01 17:24:54"", ""iot_kpt_minutes"": 12.9, ""confidence"": 0.95}"
ORD_00145,2024-06-01 17:16:00,2024-06-01 17:37:18,2024-06-01 17:39:18,21.3,21.3,23.3,0,"{""event_type"": ""BAG_READY"", ""sensor_id"": ""SENSOR_REST_001"", ""restaurant_id"": ""REST_001"", ""order_id"": ""ORD_00145"", ""timestamp"": ""2024-06-01 17:37:18"", ""iot_kpt_minutes"": 21.3, ""confidence"": 0.94}"
ORD_00146,2024-06-01 17:20:00,2024-06-01 17:42:18,2024-06-01 17:43:18,22.3,22.3,23.3,0,"{""event_type"": ""BAG_READY"", ""sensor_id"": ""SENSOR_REST_001"", ""restaurant_id"": ""REST_001"", ""order_id"": ""ORD_00146"", ""timestamp"": ""2024-06-01 17:42:18"", ""iot_kpt_minutes"": 22.3, ""confidence"": 0.97}"
ORD_00147,2024-06-01 17:22:00,2024-06-01 17:43:48,2024-06-01 17:42:48,21.8,21.8,20.8,0,"{""event_type"": ""BAG_READY"", ""sensor_id"": ""SENSOR_REST_001"", ""restaurant_id"": ""REST_001"", ""order_id"": ""ORD_00147"", ""timestamp"": ""2024-06-01 17:43:48"", ""iot_kpt_minutes"": 21.8, ""confidence"": 0.95}"
ORD_00148,2024-06-01 17:25:00,2024-06-01 17:45:00,2024-06-01 17:37:32,20.0,20.0,12.5,1,"{""event_type"": ""BAG_READY"", ""sensor_id"": ""SENSOR_REST_001"", ""restaurant_id"": ""REST_001"", ""order_id"": ""ORD_00148"", ""timestamp"": ""2024-06-01 17:45:00"", ""iot_kpt_minutes"": 20.0, ""confidence"": 0.98}"
ORD_00149,2024-06-01 17:27:00,2024-06-01 17:49:30,2024-06-01 17:51:30,22.5,22.5,24.5,0,"{""event_type"": ""BAG_READY"", ""sensor_id"": ""SENSOR_REST_001"", ""restaurant_id"": ""REST_001"", ""order_id"": ""ORD_00149"", ""timestamp"": ""2024-06-01 17:49:30"", ""iot_kpt_minutes"": 22.5, ""confidence"": 0.95}"
ORD_00150,2024-06-01 17:30:00,2024-06-01 17:43:06,2024-06-01 17:42:06,13.1,13.1,12.1,0,"{""event_type"": ""BAG_READY"", ""sensor_id"": ""SENSOR_REST_001"", ""restaurant_id"": ""REST_001"", ""order_id"": ""ORD_00150"", ""timestamp"": ""2024-06-01 17:43:06"", ""iot_kpt_minutes"": 13.1, ""confidence"": 0.93}"
ORD_00151,2024-06-01 17:35:00,2024-06-01 17:54:12,2024-06-01 17:56:12,19.2,19.2,21.2,0,"{""event_type"": ""BAG_READY"", ""sensor_id"": ""SENSOR_REST_001"", ""restaurant_id"": ""REST_001"", ""order_id"": ""ORD_00151"", ""timestamp"": ""2024-06-01 17:54:12"", ""iot_kpt_minutes"": 19.2, ""confidence"": 0.98}"
ORD_00152,2024-06-01 17:37:00,2024-06-01 18:06:42,2024-06-01 18:06:42,29.7,29.7,29.7,0,"{""event_type"": ""BAG_READY"", ""sensor_id"": ""SENSOR_REST_001"", ""restaurant_id"": ""REST_001"", ""order_id"": ""ORD_00152"", ""timestamp"": ""2024-06-01 18:06:42"", ""iot_kpt_minutes"": 29.7, ""confidence"": 0.94}"
ORD_00153,2024-06-01 17:39:00,2024-06-01 18:08:18,2024-06-01 18:02:32,29.3,29.3,23.5,1,"{""event_type"": ""BAG_READY"", ""sensor_id"": ""SENSOR_REST_001"", ""restaurant_id"": ""REST_001"", ""order_id"": ""ORD_00153"", ""timestamp"": ""2024-06-01 18:08:18"", ""iot_kpt_minutes"": 29.3, ""confidence"": 0.99}"
ORD_00154,2024-06-01 17:42:00,2024-06-01 17:59:36,2024-06-01 17:52:35,17.6,17.6,10.6,1,"{""event_type"": ""BAG_READY"", ""sensor_id"": ""SENSOR_REST_001"", ""restaurant_id"": ""REST_001"", ""order_id"": ""ORD_00154"", ""timestamp"": ""2024-06-01 17:59:36"", ""iot_kpt_minutes"": 17.6, ""confidence"": 0.97}"
ORD_00155,2024-06-01 17:47:00,2024-06-01 18:07:36,2024-06-01 18:01:29,20.6,20.6,14.5,1,"{""event_type"": ""BAG_READY"", ""sensor_id"": ""SENSOR_REST_001"", ""restaurant_id"": ""REST_001"", ""order_id"": ""ORD_00155"", ""timestamp"": ""2024-06-01 18:07:36"", ""iot_kpt_minutes"": 20.6, ""confidence"": 0.95}"
ORD_00156,2024-06-01 17:49:00,2024-06-01 18:09:12,2024-06-01 18:04:50,20.2,20.2,15.8,1,"{""event_type"": ""BAG_READY"", ""sensor_id"": ""SENSOR_REST_001"", ""restaurant_id"": ""REST_001"", ""order_id"": ""ORD_00156"", ""timestamp"": ""2024-06-01 18:09:12"", ""iot_kpt_minutes"": 20.2, ""confidence"": 0.96}"
ORD_00157,2024-06-01 17:51:00,2024-06-01 18:17:18,2024-06-01 18:10:07,26.3,26.3,19.1,1,"{""event_type"": ""BAG_READY"", ""sensor_id"": ""SENSOR_REST_001"", ""restaurant_id"": ""REST_001"", ""order_id"": ""ORD_00157"", ""timestamp"": ""2024-06-01 18:17:18"", ""iot_kpt_minutes"": 26.3, ""confidence"": 0.98}"
ORD_00158,2024-06-01 17:55:00,2024-06-01 18:10:18,2024-06-01 18:11:18,15.3,15.3,16.3,0,"{""event_type"": ""BAG_READY"", ""sensor_id"": ""SENSOR_REST_001"", ""restaurant_id"": ""REST_001"", ""order_id"": ""ORD_00158"", ""timestamp"": ""2024-06-01 18:10:18"", ""iot_kpt_minutes"": 15.3, ""confidence"": 0.97}"
ORD_00159,2024-06-01 17:59:00,2024-06-01 18:26:24,2024-06-01 18:28:24,27.4,27.4,29.4,0,"{""event_type"": ""BAG_READY"", ""sensor_id"": ""SENSOR_REST_001"", ""restaurant_id"": ""REST_001"", ""order_id"": ""ORD_00159"", ""timestamp"": ""2024-06-01 18:26:24"", ""iot_kpt_minutes"": 27.4, ""confidence"": 0.98}"
ORD_00160,2024-06-01 18:01:00,2024-06-01 18:16:30,2024-06-01 18:18:30,15.5,15.5,17.5,0,"{""event_type"": ""BAG_READY"", ""sensor_id"": ""SENSOR_REST_001"", ""restaurant_id"": ""REST_001"", ""order_id"": ""ORD_00160"", ""timestamp"": ""2024-06-01 18:16:30"", ""iot_kpt_minutes"": 15.5, ""confidence"": 0.95}"
ORD_00161,2024-06-01 18:04:00,2024-06-01 18:22:54,2024-06-01 18:15:38,18.9,18.9,11.6,1,"{""event_type"": ""BAG_READY"", ""sensor_id"": ""SENSOR_REST_001"", ""restaurant_id"": ""REST_001"", ""order_id"": ""ORD_00161"", ""timestamp"": ""2024-06-01 18:22:54"", ""iot_kpt_minutes"": 18.9, ""confidence"": 0.94}"
ORD_00162,2024-06-01 18:07:00,2024-06-01 18:27:54,2024-06-01 18:26:24,20.9,20.9,19.4,1,"{""event_type"": ""BAG_READY"", ""sensor_id"": ""SENSOR_REST_001"", ""restaurant_id"": ""REST_001"", ""order_id"": ""ORD_00162"", ""timestamp"": ""2024-06-01 18:27:54"", ""iot_kpt_minutes"": 20.9, ""confidence"": 0.97}"
ORD_00163,2024-06-01 18:10:00,2024-06-01 18:38:36,2024-06-01 18:38:36,28.6,28.6,28.6,0,"{""event_type"": ""BAG_READY"", ""sensor_id"": ""SENSOR_REST_001"", ""restaurant_id"": ""REST_001"", ""order_id"": ""ORD_00163"", ""timestamp"": ""2024-06-01 18:38:36"", ""iot_kpt_minutes"": 28.6, ""confidence"": 0.95}"
ORD_00164,2024-06-01 18:12:00,2024-06-01 18:41:06,2024-06-01 18:43:06,29.1,29.1,31.1,0,"{""event_type"": ""BAG_READY"", ""sensor_id"": ""SENSOR_REST_001"", ""restaurant_id"": ""REST_001"", ""order_id"": ""ORD_00164"", ""timestamp"": ""2024-06-01 18:41:06"", ""iot_kpt_minutes"": 29.1, ""confidence"": 0.93}"
ORD_00165,2024-06-01 18:16:00,2024-06-01 18:45:12,2024-06-01 18:47:12,29.2,29.2,31.2,0,"{""event_type"": ""BAG_READY"", ""sensor_id"": ""SENSOR_REST_001"", ""restaurant_id"": ""REST_001"", ""order_id"": ""ORD_00165"", ""timestamp"": ""2024-06-01 18:45:12"", ""iot_kpt_minutes"": 29.2, ""confidence"": 0.98}"
ORD_00166,2024-06-01 18:18:00,2024-06-01 18:45:48,2024-06-01 18:42:32,27.8,27.8,24.5,1,"{""event_type"": ""BAG_READY"", ""sensor_id"": ""SENSOR_REST_001"", ""restaurant_id"": ""REST_001"", ""order_id"": ""ORD_00166"", ""timestamp"": ""2024-06-01 18:45:48"", ""iot_kpt_minutes"": 27.8, ""confidence"": 0.95}"
ORD_00167,2024-06-01 18:21:00,2024-06-01 18:45:00,2024-06-01 18:37:43,24.0,24.0,16.7,1,"{""event_type"": ""BAG_READY"", ""sensor_id"": ""SENSOR_REST_001"", ""restaurant_id"": ""REST_001"", ""order_id"": ""ORD_00167"", ""timestamp"": ""2024-06-01 18:45:00"", ""iot_kpt_minutes"": 24.0, ""confidence"": 0.98}"
ORD_00168,2024-06-01 18:25:00,2024-06-01 18:51:42,2024-06-01 18:50:42,26.7,26.7,25.7,0,"{""event_type"": ""BAG_READY"", ""sensor_id"": ""SENSOR_REST_001"", ""restaurant_id"": ""REST_001"", ""order_id"": ""ORD_00168"", ""timestamp"": ""2024-06-01 18:51:42"", ""iot_kpt_minutes"": 26.7, ""confidence"": 0.96}"
ORD_00169,2024-06-01 18:27:00,2024-06-01 18:45:00,2024-06-01 18:46:00,18.0,18.0,19.0,0,"{""event_type"": ""BAG_READY"", ""sensor_id"": ""SENSOR_REST_001"", ""restaurant_id"": ""REST_001"", ""order_id"": ""ORD_00169"", ""timestamp"": ""2024-06-01 18:45:00"", ""iot_kpt_minutes"": 18.0, ""confidence"": 0.99}"
ORD_00170,2024-06-01 18:32:00,2024-06-01 19:03:42,2024-06-01 19:02:42,31.7,31.7,30.7,0,"{""event_type"": ""BAG_READY"", ""sensor_id"": ""SENSOR_REST_001"", ""restaurant_id"": ""REST_001"", ""order_id"": ""ORD_00170"", ""timestamp"": ""2024-06-01 19:03:42"", ""iot_kpt_minutes"": 31.7, ""confidence"": 0.95}"
ORD_00171,2024-06-01 18:35:00,2024-06-01 19:02:24,2024-06-01 19:01:24,27.4,27.4,26.4,0,"{""event_type"": ""BAG_READY"", ""sensor_id"": ""SENSOR_REST_001"", ""restaurant_id"": ""REST_001"", ""order_id"": ""ORD_00171"", ""timestamp"": ""2024-06-01 19:02:24"", ""iot_kpt_minutes"": 27.4, ""confidence"": 0.94}"
ORD_00172,2024-06-01 18:36:00,2024-06-01 18:54:42,2024-06-01 18:52:08,18.7,18.7,16.1,1,"{""event_type"": ""BAG_READY"", ""sensor_id"": ""SENSOR_REST_001"", ""restaurant_id"": ""REST_001"", ""order_id"": ""ORD_00172"", ""timestamp"": ""2024-06-01 18:54:42"", ""iot_kpt_minutes"": 18.7, ""confidence"": 0.96}"
ORD_00173,2024-06-01 18:39:00,2024-06-01 19:03:42,2024-06-01 19:01:21,24.7,24.7,22.4,1,"{""event_type"": ""BAG_READY"", ""sensor_id"": ""SENSOR_REST_001"", ""restaurant_id"": ""REST_001"", ""order_id"": ""ORD_00173"", ""timestamp"": ""2024-06-01 19:03:42"", ""iot_kpt_minutes"": 24.7, ""confidence"": 0.98}"
ORD_00174,2024-06-01 18:44:00,2024-06-01 19:01:36,2024-06-01 18:56:05,17.6,17.6,12.1,1,"{""event_type"": ""BAG_READY"", ""sensor_id"": ""SENSOR_REST_001"", ""restaurant_id"": ""REST_001"", ""order_id"": ""ORD_00174"", ""timestamp"": ""2024-06-01 19:01:36"", ""iot_kpt_minutes"": 17.6, ""confidence"": 0.96}"
ORD_00175,2024-06-01 18:46:00,2024-06-01 19:00:36,2024-06-01 19:02:36,14.6,14.6,16.6,0,"{""event_type"": ""BAG_READY"", ""sensor_id"": ""SENSOR_REST_001"", ""restaurant_id"": ""REST_001"", ""order_id"": ""ORD_00175"", ""timestamp"": ""2024-06-01 19:00:36"", ""iot_kpt_minutes"": 14.6, ""confidence"": 0.98}"
ORD_00176,2024-06-01 18:50:00,2024-06-01 19:08:06,2024-06-01 19:09:06,18.1,18.1,19.1,0,"{""event_type"": ""BAG_READY"", ""sensor_id"": ""SENSOR_REST_001"", ""restaurant_id"": ""REST_001"", ""order_id"": ""ORD_00176"", ""timestamp"": ""2024-06-01 19:08:06"", ""iot_kpt_minutes"": 18.1, ""confidence"": 0.96}"
ORD_00177,2024-06-01 18:52:00,2024-06-01 19:11:24,2024-06-01 19:05:18,19.4,19.4,13.3,1,"{""event_type"": ""BAG_READY"", ""sensor_id"": ""SENSOR_REST_001"", ""restaurant_id"": ""REST_001"", ""order_id"": ""ORD_00177"", ""timestamp"": ""2024-06-01 19:11:24"", ""iot_kpt_minutes"": 19.4, ""confidence"": 0.94}"
ORD_00178,2024-06-01 18:55:00,2024-06-01 19:16:24,2024-06-01 19:17:24,21.4,21.4,22.4,0,"{""event_type"": ""BAG_READY"", ""sensor_id"": ""SENSOR_REST_001"", ""restaurant_id"": ""REST_001"", ""order_id"": ""ORD_00178"", ""timestamp"": ""2024-06-01 19:16:24"", ""iot_kpt_minutes"": 21.4, ""confidence"": 0.99}"
ORD_00179,2024-06-01 18:58:00,2024-06-01 19:16:06,2024-06-01 19:18:06,18.1,18.1,20.1,0,"{""event_type"": ""BAG_READY"", ""sensor_id"": ""SENSOR_REST_001"", ""restaurant_id"": ""REST_001"", ""order_id"": ""ORD_00179"", ""timestamp"": ""2024-06-01 19:16:06"", ""iot_kpt_minutes"": 18.1, ""confidence"": 0.94}"
ORD_00180,2024-06-01 19:02:00,2024-06-01 19:27:42,2024-06-01 19:29:42,25.7,25.7,27.7,0,"{""event_type"": ""BAG_READY"", ""sensor_id"": ""SENSOR_REST_001"", ""restaurant_id"": ""REST_001"", ""order_id"": ""ORD_00180"", ""timestamp"": ""2024-06-01 19:27:42"", ""iot_kpt_minutes"": 25.7, ""confidence"": 0.98}"
ORD_00181,2024-06-01 19:04:00,2024-06-01 19:17:30,2024-06-01 19:18:30,13.5,13.5,14.5,0,"{""event_type"": ""BAG_READY"", ""sensor_id"": ""SENSOR_REST_001"", ""restaurant_id"": ""REST_001"", ""order_id"": ""ORD_00181"", ""timestamp"": ""2024-06-01 19:17:30"", ""iot_kpt_minutes"": 13.5, ""confidence"": 0.94}"
ORD_00182,2024-06-01 19:06:00,2024-06-01 19:20:30,2024-06-01 19:20:30,14.5,14.5,14.5,0,"{""event_type"": ""BAG_READY"", ""sensor_id"": ""SENSOR_REST_001"", ""restaurant_id"": ""REST_001"", ""order_id"": ""ORD_00182"", ""timestamp"": ""2024-06-01 19:20:30"", ""iot_kpt_minutes"": 14.5, ""confidence"": 0.96}"
ORD_00183,2024-06-01 19:11:00,2024-06-01 19:25:48,2024-06-01 19:19:38,14.8,14.8,8.6,1,"{""event_type"": ""BAG_READY"", ""sensor_id"": ""SENSOR_REST_001"", ""restaurant_id"": ""REST_001"", ""order_id"": ""ORD_00183"", ""timestamp"": ""2024-06-01 19:25:48"", ""iot_kpt_minutes"": 14.8, ""confidence"": 0.95}"
ORD_00184,2024-06-01 19:14:00,2024-06-01 19:32:12,2024-06-01 19:28:38,18.2,18.2,14.6,1,"{""event_type"": ""BAG_READY"", ""sensor_id"": ""SENSOR_REST_001"", ""restaurant_id"": ""REST_001"", ""order_id"": ""ORD_00184"", ""timestamp"": ""2024-06-01 19:32:12"", ""iot_kpt_minutes"": 18.2, ""confidence"": 0.93}"
ORD_00185,2024-06-01 19:15:00,2024-06-01 19:37:00,2024-06-01 19:38:00,22.0,22.0,23.0,0,"{""event_type"": ""BAG_READY"", ""sensor_id"": ""SENSOR_REST_001"", ""restaurant_id"": ""REST_001"", ""order_id"": ""ORD_00185"", ""timestamp"": ""2024-06-01 19:37:00"", ""iot_kpt_minutes"": 22.0, ""confidence"": 0.96}"
ORD_00186,2024-06-01 19:19:00,2024-06-01 19:40:54,2024-06-01 19:41:54,21.9,21.9,22.9,0,"{""event_type"": ""BAG_READY"", ""sensor_id"": ""SENSOR_REST_001"", ""restaurant_id"": ""REST_001"", ""order_id"": ""ORD_00186"", ""timestamp"": ""2024-06-01 19:40:54"", ""iot_kpt_minutes"": 21.9, ""confidence"": 0.97}"
ORD_00187,2024-06-01 19:22:00,2024-06-01 19:38:36,2024-06-01 19:30:40,16.6,16.6,8.7,1,"{""event_type"": ""BAG_READY"", ""sensor_id"": ""SENSOR_REST_001"", ""restaurant_id"": ""REST_001"", ""order_id"": ""ORD_00187"", ""timestamp"": ""2024-06-01 19:38:36"", ""iot_kpt_minutes"": 16.6, ""confidence"": 0.93}"
ORD_00188,2024-06-01 19:24:00,2024-06-01 19:49:06,2024-06-01 19:50:06,25.1,25.1,26.1,0,"{""event_type"": ""BAG_READY"", ""sensor_id"": ""SENSOR_REST_001"", ""restaurant_id"": ""REST_001"", ""order_id"": ""ORD_00188"", ""timestamp"": ""2024-06-01 19:49:06"", ""iot_kpt_minutes"": 25.1, ""confidence"": 0.93}"
ORD_00189,2024-06-01 19:28:00,2024-06-01 19:41:48,2024-06-01 19:39:55,13.8,13.8,11.9,1,"{""event_type"": ""BAG_READY"", ""sensor_id"": ""SENSOR_REST_001"", ""restaurant_id"": ""REST_001"", ""order_id"": ""ORD_00189"", ""timestamp"": ""2024-06-01 19:41:48"", ""iot_kpt_minutes"": 13.8, ""confidence"": 0.95}"
ORD_00190,2024-06-01 19:32:00,2024-06-01 19:52:00,2024-06-01 19:53:00,20.0,20.0,21.0,0,"{""event_type"": ""BAG_READY"", ""sensor_id"": ""SENSOR_REST_001"", ""restaurant_id"": ""REST_001"", ""order_id"": ""ORD_00190"", ""timestamp"": ""2024-06-01 19:52:00"", ""iot_kpt_minutes"": 20.0, ""confidence"": 0.93}"
ORD_00191,2024-06-01 19:33:00,2024-06-01 19:49:06,2024-06-01 19:45:02,16.1,16.1,12.0,1,"{""event_type"": ""BAG_READY"", ""sensor_id"": ""SENSOR_REST_001"", ""restaurant_id"": ""REST_001"", ""order_id"": ""ORD_00191"", ""timestamp"": ""2024-06-01 19:49:06"", ""iot_kpt_minutes"": 16.1, ""confidence"": 0.99}"
ORD_00192,2024-06-01 19:37:00,2024-06-01 20:00:00,2024-06-01 20:02:00,23.0,23.0,25.0,0,"{""event_type"": ""BAG_READY"", ""sensor_id"": ""SENSOR_REST_001"", ""restaurant_id"": ""REST_001"", ""order_id"": ""ORD_00192"", ""timestamp"": ""2024-06-01 20:00:00"", ""iot_kpt_minutes"": 23.0, ""confidence"": 0.98}"
ORD_00193,2024-06-01 19:40:00,2024-06-01 19:58:12,2024-06-01 19:51:20,18.2,18.2,11.3,1,"{""event_type"": ""BAG_READY"", ""sensor_id"": ""SENSOR_REST_001"", ""restaurant_id"": ""REST_001"", ""order_id"": ""ORD_00193"", ""timestamp"": ""2024-06-01 19:58:12"", ""iot_kpt_minutes"": 18.2, ""confidence"": 0.92}"
ORD_00194,2024-06-01 19:42:00,2024-06-01 20:00:00,2024-06-01 19:58:34,18.0,18.0,16.6,1,"{""event_type"": ""BAG_READY"", ""sensor_id"": ""SENSOR_REST_001"", ""restaurant_id"": ""REST_001"", ""order_id"": ""ORD_00194"", ""timestamp"": ""2024-06-01 20:00:00"", ""iot_kpt_minutes"": 18.0, ""confidence"": 0.93}"
ORD_00195,2024-06-01 19:46:00,2024-06-01 20:11:30,2024-06-01 20:13:30,25.5,25.5,27.5,0,"{""event_type"": ""BAG_READY"", ""sensor_id"": ""SENSOR_REST_001"", ""restaurant_id"": ""REST_001"", ""order_id"": ""ORD_00195"", ""timestamp"": ""2024-06-01 20:11:30"", ""iot_kpt_minutes"": 25.5, ""confidence"": 0.96}"
ORD_00196,2024-06-01 19:50:00,2024-06-01 20:12:54,2024-06-01 20:14:54,22.9,22.9,24.9,0,"{""event_type"": ""BAG_READY"", ""sensor_id"": ""SENSOR_REST_001"", ""restaurant_id"": ""REST_001"", ""order_id"": ""ORD_00196"", ""timestamp"": ""2024-06-01 20:12:54"", ""iot_kpt_minutes"": 22.9, ""confidence"": 0.99}"
ORD_00197,2024-06-01 19:52:00,2024-06-01 20:16:18,2024-06-01 20:16:18,24.3,24.3,24.3,0,"{""event_type"": ""BAG_READY"", ""sensor_id"": ""SENSOR_REST_001"", ""restaurant_id"": ""REST_001"", ""order_id"": ""ORD_00197"", ""timestamp"": ""2024-06-01 20:16:18"", ""iot_kpt_minutes"": 24.3, ""confidence"": 0.95}"
ORD_00198,2024-06-01 19:54:00,2024-06-01 20:15:24,2024-06-01 20:09:21,21.4,21.4,15.3,1,"{""event_type"": ""BAG_READY"", ""sensor_id"": ""SENSOR_REST_001"", ""restaurant_id"": ""REST_001"", ""order_id"": ""ORD_00198"", ""timestamp"": ""2024-06-01 20:15:24"", ""iot_kpt_minutes"": 21.4, ""confidence"": 0.99}"
ORD_00199,2024-06-01 19:58:00,2024-06-01 20:16:12,2024-06-01 20:14:24,18.2,18.2,16.4,1,"{""event_type"": ""BAG_READY"", ""sensor_id"": ""SENSOR_REST_001"", ""restaurant_id"": ""REST_001"", ""order_id"": ""ORD_00199"", ""timestamp"": ""2024-06-01 20:16:12"", ""iot_kpt_minutes"": 18.2, ""confidence"": 0.99}"
